id,nombre,nacimiento,direccion,email,universidad,departamento,cargo
10-6751637,Danya Klazenga,10/22/1998,134 Scoville Street,dklazenga0@rakuten.co.jp,Rochester Institute of Technology,Human Resources,Developer III
27-3886305,Mervin Shapera,11/16/1991,58 Mcbride Street,mshapera1@moonfruit.com,Huafan University,Training,Tax Accountant
91-8466588,Josselyn Jolin,6/29/1977,83 Susan Court,jjolin2@odnoklassniki.ru,Agricultural University of Warsaw,Accounting,Physical Therapy Assistant
96-4764212,Mandy Piddock,3/15/2005,49 Rowland Place,mpiddock3@who.int,Moody Bible Institute,Support,Senior Cost Accountant
24-1011205,Emera Oxx,8/16/2007,05 Lukken Drive,eoxx4@upenn.edu,Adiban Higher Education Institue,Engineering,Community Outreach Specialist
55-4175666,Aldo Gallager,6/26/1995,82649 Meadow Ridge Drive,agallager5@buzzfeed.com,Abfi Institute Perbanas Jakarta,Marketing,Help Desk Technician
31-0381050,Rodge Blampey,2/23/2005,23 Jenna Place,rblampey6@chron.com,Universidad de Antioquía,Training,Tax Accountant
38-8738843,Gisele Vedeneev,3/21/1998,8119 Vermont Road,gvedeneev7@cnbc.com,University of Dongola,Product Management,Environmental Tech
15-0515517,Gregoor Geoghegan,12/25/1981,05 Mosinee Parkway,ggeoghegan8@yahoo.co.jp,Marij State University,Sales,Help Desk Technician
12-8089538,Mitch Petti,5/22/2000,66 Mosinee Avenue,mpetti9@hc360.com,Polotsk State University,Product Management,Administrative Assistant IV
28-0045757,Hastings Kavanagh,3/5/1997,828 Oakridge Terrace,hkavanagha@cornell.edu,Universidad Panamericana de San Salvador,Engineering,Human Resources Assistant IV
84-5416004,Petronella Holehouse,5/26/2001,99 Heath Plaza,pholehouseb@youku.com,Olive-Harvey College,Legal,Help Desk Technician
16-9692314,Frank Tooke,3/26/2016,5415 Calypso Street,ftookec@so-net.ne.jp,Philadelphia College of Osteopathic Medicine,Accounting,Community Outreach Specialist
39-9207207,Archaimbaud Sidnall,1/24/1995,72532 Anderson Terrace,asidnalld@paginegialle.it,Cyprus International University,Services,Food Chemist
94-8882434,Roobbie Pattullo,3/7/2016,0424 Sheridan Center,rpattulloe@craigslist.org,"University of Mining and Geology ""St. Ivan Rils""",Accounting,Tax Accountant
01-9268234,Joline Jevon,4/22/1988,937 Stephen Avenue,jjevonf@mashable.com,Université des Sciences et de la Technologie d'Oran,Training,Database Administrator IV
08-5151525,William Tunmore,10/8/1998,57 Fieldstone Pass,wtunmoreg@redcross.org,University of Gezira,Marketing,General Manager
72-8372459,Marjorie Bendik,6/13/2017,18 Maywood Crossing,mbendikh@oracle.com,Universidad de Las Palmas de Gran Canaria,Business Development,Research Assistant III
01-1182839,Claudina Taberner,5/13/1980,97 Duke Parkway,ctaberneri@cbsnews.com,Moore College of Art and Design,Accounting,Marketing Assistant
47-8955940,Annabella Adamek,9/11/2013,4037 Hayes Way,aadamekj@deliciousdays.com,Universidad de Chile,Legal,Electrical Engineer
73-3641688,Junie Melross,4/22/2017,8778 Hansons Hill,jmelrossk@bizjournals.com,"Arkansas State University, Mountain Home",Support,Quality Control Specialist
97-9432140,Edithe Lehemann,12/11/2002,2 Melrose Way,elehemannl@reference.com,Universidade Tecnica de Lisboa,Engineering,Speech Pathologist
21-1276308,Devy McMurty,1/10/2016,86024 Farwell Avenue,dmcmurtym@bbb.org,North Kazakhstan State University,Sales,Social Worker
64-5870004,Norbie Loidl,1/14/1976,78 Doe Crossing Park,nloidln@nytimes.com,Albright College,Human Resources,Research Assistant IV
90-6761078,Marie Ubanks,9/1/1997,33 Raven Hill,mubankso@sciencedirect.com,Sakarya University,Marketing,Data Coordiator
54-3770188,Barbabas Stack,5/26/1989,8 Quincy Way,bstackp@cbc.ca,Fukushima Medical College,Legal,Physical Therapy Assistant
29-7855820,Bruno Libreros,12/17/1983,90 Debs Center,blibrerosq@unc.edu,Yuan Ze University,Marketing,Tax Accountant
26-2382747,Van Sedgebeer,10/7/1993,4536 Pennsylvania Way,vsedgebeerr@joomla.org,Lakeland College,Research and Development,Health Coach IV
39-6845854,Danya Boullen,1/12/1999,8039 Vahlen Point,dboullens@freewebs.com,"University of California, Hastings College of Law",Sales,Cost Accountant
55-9609284,Alfred Lejeune,9/1/1989,5230 Rieder Court,alejeunet@marriott.com,Universidad Católica del Norte,Human Resources,Electrical Engineer
63-2166399,Dimitry Shillom,3/22/1977,78 Valley Edge Way,dshillomu@joomla.org,China Medical University Shenyang,Training,Electrical Engineer
68-3197387,Kimmy Jacques,5/11/1981,771 Utah Place,kjacquesv@apache.org,Ghana Institute of Management and Public Administration (GIMPA),Marketing,Environmental Specialist
51-0544639,Blondy Barth,8/30/1976,33 Saint Paul Circle,bbarthw@skyrock.com,University of Applied Sciences,Sales,Structural Analysis Engineer
42-8512651,Rhodia Kensley,12/4/2009,02296 Sage Center,rkensleyx@wp.com,National Taiwan University of Science and Technology,Marketing,Research Associate
83-9957458,Clerissa Ionn,6/14/1985,87 Coolidge Crossing,cionny@digg.com,Universidade Lusíada de Angola,Support,Research Associate
53-1500486,Christie Lackmann,7/14/1991,1 Basil Drive,clackmannz@java.com,North China University of Technology,Business Development,Mechanical Systems Engineer
92-1131622,Iain Campione,2/6/1994,6747 Eastwood Alley,icampione10@bravesites.com,"Islamic Azad University, Mobarakeh",Research and Development,Geological Engineer
94-6885856,Quintus Spriddle,1/29/2010,63 Oxford Crossing,qspriddle11@sciencedaily.com,Universidad de Belgrano,Services,Human Resources Assistant III
97-8692273,Casey Speak,12/22/2008,5 Knutson Terrace,cspeak12@mapquest.com,Nippon Dental University,Support,Senior Financial Analyst
91-4553059,Giulietta Sweatman,6/26/1992,064 Dwight Way,gsweatman13@nationalgeographic.com,Menlo College,Training,Structural Analysis Engineer
58-1564817,Miltie Buterton,5/22/1994,164 Sachs Alley,mbuterton14@chron.com,Schiller International University,Training,Biostatistician II
31-3101705,Lonni Uphill,3/24/2018,4 Emmet Lane,luphill15@bizjournals.com,University of the Ozarks,Sales,Administrative Officer
91-6224622,Van Guido,9/11/2005,4621 Walton Avenue,vguido16@weebly.com,"Islamic Azad University, Falavarjan ",Business Development,Marketing Manager
16-8759044,Devondra Dahler,4/8/2015,7735 Linden Park,ddahler17@bizjournals.com,"Preston University, Pakistan Campus",Legal,Account Coordinator
12-1683006,Betti Southerton,4/26/2017,43 Rieder Hill,bsoutherton18@ed.gov,Bethany College West Virginia,Marketing,Automation Specialist IV
11-3831825,Shandy Dober,8/27/1984,40 Grim Terrace,sdober19@xinhuanet.com,Marygrove College,Legal,Web Developer II
10-0462499,Lindsy Nellen,4/28/1997,46 Becker Drive,lnellen1a@moonfruit.com,Oregon Graduate Institute of Science and Technology,Marketing,Analyst Programmer
66-1041236,Libby Statton,4/14/1978,6274 Mendota Drive,lstatton1b@mozilla.com,Whittier College,Services,Civil Engineer
12-4971438,Pippa Bownd,10/19/2001,9520 Shoshone Road,pbownd1c@123-reg.co.uk,Kigali Independent University,Legal,Mechanical Systems Engineer
65-8760104,Devon Steart,3/16/2014,2100 Corry Street,dsteart1d@etsy.com,Lake Forest College,Training,Programmer IV
21-5285879,Gaelan Skaid,6/26/1997,2105 Golf Course Court,gskaid1e@altervista.org,Posts & Telecommunications Institute of Technology,Sales,Electrical Engineer
51-2864939,Hy Hallede,9/4/2007,5 Logan Lane,hhallede1f@berkeley.edu,Virgen Milagrosa University Foundation,Accounting,Web Designer III
40-8948710,Stanleigh Sher,2/4/1982,3833 Morningstar Parkway,ssher1g@ow.ly,Zhetysu State University ,Product Management,Director of Sales
11-4765508,Perl Banham,10/8/1999,009 Bowman Pass,pbanham1h@mozilla.com,Flinders University of South Australia,Services,VP Product Management
23-1158156,Zelig Catto,12/2/1993,7399 Cottonwood Avenue,zcatto1i@ocn.ne.jp,SASTRA Deemed University,Sales,Executive Secretary
39-0520200,Arielle MacVay,4/19/1998,84759 Luster Parkway,amacvay1j@tripod.com,Institut d'Etudes Politiques de Bordeaux,Business Development,Civil Engineer
72-9162530,Benedicta Petrazzi,5/19/2014,07739 Carberry Junction,bpetrazzi1k@elpais.com,China University of Mining Technology - Xuzhou,Research and Development,Associate Professor
04-5271996,Amity Prisk,7/11/2005,7045 Maple Wood Street,aprisk1l@usda.gov,Kumamoto Prefectural University,Training,Operator
10-3225100,Eleni Smitherham,8/30/1981,5 Valley Edge Hill,esmitherham1m@squidoo.com,University of Canberra,Product Management,Research Nurse
77-6769067,Danni Walklott,7/4/2000,62636 Blaine Point,dwalklott1n@mit.edu,Alpha Omega University,Engineering,Environmental Specialist
86-8741902,Kristofer Brusin,3/11/2001,16994 Village Green Center,kbrusin1o@list-manage.com,Romanian-American University,Legal,Editor
04-8031951,Denney Lardier,4/22/1988,90 Mariners Cove Drive,dlardier1p@google.de,King Khaled University,Business Development,Technical Writer
89-5032282,Kessiah Angood,5/9/1990,6 Moose Plaza,kangood1q@ca.gov,Ivanovo State University,Legal,VP Product Management
63-0307434,Claudia Dennis,3/31/1976,5 Sutteridge Way,cdennis1r@google.ru,Keller Graduate School of Management,Sales,Nuclear Power Engineer
89-5041155,Wes Toohey,6/29/2008,8 High Crossing Avenue,wtoohey1s@tinyurl.com,City University,Business Development,Legal Assistant
32-7226361,Sissy Farnaby,8/16/1983,5 Milwaukee Center,sfarnaby1t@foxnews.com,Kangnam University,Services,Automation Specialist IV
47-9461640,Wade Hickford,1/25/1977,90 Glendale Road,whickford1u@mail.ru,Toyo Eiwa Women's University,Research and Development,Mechanical Systems Engineer
67-9838750,Bradley Wellen,4/21/2001,1837 Forster Pass,bwellen1v@dyndns.org,Zonguldak Karaelmas University,Training,Software Consultant
00-8736871,Blancha Campo,3/12/2016,45 Westport Point,bcampo1w@list-manage.com,Fontbonne College,Legal,Business Systems Development Analyst
80-7215127,Rog Dignon,8/26/2012,9783 Nobel Parkway,rdignon1x@mlb.com,Union University,Business Development,VP Product Management
01-8384715,Waylon Cameron,1/30/1985,3931 Fulton Park,wcameron1y@senate.gov,Université François Rabelais de Tours,Research and Development,Senior Developer
60-7320091,Rahal Everly,1/27/2016,14 Pierstorff Park,reverly1z@weibo.com,"University of Shkodra ""Luigj Gurakuqi""",Product Management,Editor
08-0943373,Elwira Blacklawe,4/30/1994,02 Tomscot Drive,eblacklawe20@mysql.com,Bucknell University,Sales,Quality Control Specialist
67-2067463,Sapphira Gozney,7/20/2010,00 Jana Pass,sgozney21@last.fm,University of the West Indies St. Augustine,Services,Product Engineer
10-3436779,Culley Henzer,11/3/2011,1939 Oak Valley Terrace,chenzer22@delicious.com,Augsburg College,Accounting,Account Executive
41-4389091,Wolfgang Labone,12/9/1989,40 Thompson Junction,wlabone23@discuz.net,Wakayama Medical College,Accounting,VP Sales
49-4299569,Brier Gliddon,10/13/2012,20 Buell Parkway,bgliddon24@census.gov,Hebei University,Training,Chemical Engineer
58-5792683,Jeanelle Scothorne,4/6/2013,1 Atwood Circle,jscothorne25@mail.ru,International Hellenic University,Research and Development,Compensation Analyst
34-9650680,Cordula Norcliff,2/20/2007,15 Corben Lane,cnorcliff26@toplist.cz,"COMSATS Institute of Information Technology, Wah",Legal,VP Accounting
04-2322617,Yale Peregrine,2/19/1997,53673 Victoria Place,yperegrine27@ucla.edu,National Taipei University,Services,Account Representative II
21-1141537,Baillie Goggen,3/29/1996,49824 Washington Alley,bgoggen28@ted.com,Western State College,Business Development,Account Executive
79-1109518,Pavia Barmby,3/24/2008,9233 Ilene Plaza,pbarmby29@merriam-webster.com,University of Florence,Training,Structural Engineer
07-8731039,Algernon Churchley,6/7/1997,7189 Oak Valley Junction,achurchley2a@slashdot.org,Canakkale (18th March) University,Training,Sales Associate
09-4200520,Conn Aronin,1/30/2004,88715 Eastlawn Point,caronin2b@myspace.com,Friedrich-Schiller Universität Jena,Business Development,Safety Technician III
48-1615864,Byram Spackman,11/25/1987,0 Barnett Circle,bspackman2c@answers.com,Al al-Bayt University,Accounting,Civil Engineer
61-5212268,Bendite Kitchingman,2/7/1992,0 Calypso Point,bkitchingman2d@plala.or.jp,Punjab Agricultural University,Research and Development,Help Desk Technician
48-8599901,Care MacGovern,6/28/2006,54 Hintze Park,cmacgovern2e@arstechnica.com,College of St. Elizabeth,Business Development,Compensation Analyst
78-9427723,Garland Hollyer,7/30/1985,49 Texas Plaza,ghollyer2f@cocolog-nifty.com,Universidad Piloto de Colombia,Support,Quality Engineer
59-8786485,Meryl Bohike,4/20/2011,94100 La Follette Place,mbohike2g@wordpress.org,Cagayan State University,Product Management,Structural Engineer
15-0219347,Ethel Kirkup,2/5/2000,98402 Macpherson Pass,ekirkup2h@altervista.org,Orkhon University,Business Development,Recruiting Manager
38-0472220,Umberto McCerery,3/24/2009,054 Debra Point,umccerery2i@cornell.edu,Institut Catholique d'Arts et Métiers Nantes,Engineering,Administrative Assistant I
39-2783727,Wynn Follet,3/30/1982,161 Morningstar Hill,wfollet2j@etsy.com,National Dong Hwa University,Training,Data Coordiator
53-0129539,Wes Osgood,10/17/2008,7397 Mcguire Way,wosgood2k@dot.gov,Kermanshah University of Medical Sciences,Engineering,Dental Hygienist
66-8414816,Mickie Clapston,2/13/1997,72609 Arrowood Way,mclapston2l@edublogs.org,"COMSATS Institute of Information Technology, Abbottabad",Human Resources,Dental Hygienist
88-3123838,Martita Pococke,3/9/2008,7500 Goodland Terrace,mpococke2m@photobucket.com,Fachhochschule Bielefeld,Training,Tax Accountant
47-5647318,Loralie Orleton,10/10/1999,91749 Parkside Parkway,lorleton2n@slideshare.net,Pedagogical University of the Polish Association for Adult Education in Warsaw,Services,Data Coordiator
50-2306845,Cornelle Frenzel;,9/7/1976,9 Rigney Place,cfrenzel2o@vkontakte.ru,University of Kurdistan,Support,Pharmacist
78-9042021,Carny Niezen,7/20/1990,0883 Kropf Junction,cniezen2p@samsung.com,Universidad de León,Sales,Assistant Media Planner
56-4182217,Tierney Geillier,10/6/1981,38203 Holy Cross Plaza,tgeillier2q@reverbnation.com,University of Central Missouri,Human Resources,Environmental Tech
38-4071553,Foss Biggen,5/23/2017,6982 Kensington Pass,fbiggen2r@utexas.edu,Knowledge College for Science and Technology,Accounting,Speech Pathologist